Review,Sentiment
This product exceeded my expectations! It's high-quality and performs exceptionally well.,Positive
"The product was decent. It worked fine, but it wasn't anything special.",Neutral
I had a terrible experience with this company. The customer service was rude and unhelpful.,Negative
It's an okay product. Nothing to write home about.,Neutral
Disappointed with the product. It didn't meet my expectations.,Negative
"Avoid this company at all costs. The service is terrible, and the products are subpar.",Negative
I had a terrible experience with this company. The customer service was rude and unhelpful.,Negative
"Avoid this company at all costs. The service is terrible, and the products are subpar.",Negative
This product exceeded my expectations! It's high-quality and performs exceptionally well.,Positive
This product is outstanding! It's exactly what I was looking for and works perfectly.,Positive
Absolutely horrendous service. Never again.,Negative
I had a terrible experience with this company. The customer service was rude and unhelpful.,Negative
This experience was okay. Nothing special.,Neutral
Top-quality product! Very satisfied with my purchase.,Positive
I'm extremely dissatisfied with this product. It's cheaply made and doesn't function properly.,Negative
"The service was satisfactory. Nothing outstanding, but nothing terrible either.",Neutral
"The product was decent, but it didn't meet all of my expectations.",Neutral
I would not recommend this product. It's overpriced and doesn't work as advertised.,Negative
"The service was satisfactory. Nothing outstanding, but nothing terrible either.",Neutral
The customer service was exceptional! The representatives were friendly and helpful.,Positive
"The product was decent, but it didn't meet all of my expectations.",Neutral
Great quality product! Very satisfied.,Positive
"The service was satisfactory. Nothing outstanding, but nothing terrible either.",Neutral
"The service was satisfactory. Nothing outstanding, but nothing terrible either.",Neutral
This product is outstanding! It's exactly what I was looking for and works perfectly.,Positive
"The product was decent, but it didn't meet all of my expectations.",Neutral
The service was average. Nothing particularly good or bad about it.,Neutral
I would not recommend this product. It's overpriced and doesn't work as advertised.,Negative
This product exceeded my expectations! It's high-quality and performs exceptionally well.,Positive
Poor quality product. Not worth the price.,Negative
Exceptional customer service! Highly satisfied.,Positive
Avoid this company. Terrible service.,Negative
I'm extremely dissatisfied with this product. It's cheaply made and doesn't function properly.,Negative
This product is outstanding! It's exactly what I was looking for and works perfectly.,Positive
The customer service was exceptional! The representatives were friendly and helpful.,Positive
The service was average. Nothing particularly good or bad about it.,Neutral
I had a terrible experience with this company. The customer service was rude and unhelpful.,Negative
I'm extremely dissatisfied with this product. It's cheaply made and doesn't function properly.,Negative
This product exceeded my expectations! It's high-quality and performs exceptionally well.,Positive
"The product was okay. It worked fine, but it didn't blow me away.",Neutral
The service was average. Nothing particularly good or bad about it.,Neutral
Disappointed with the service. Not recommended.,Negative
The customer service was exceptional! The representatives were friendly and helpful.,Positive
Fantastic customer service! The representatives were knowledgeable and helpful.,Positive
Excellent product! Highly recommend it.,Positive
"Avoid this company at all costs. The service is terrible, and the products are subpar.",Negative
I would not recommend this product. It's overpriced and doesn't work as advertised.,Negative
I would not recommend this product to anyone. It's cheaply made and doesn't work properly.,Negative
I would not recommend this product. It's overpriced and doesn't work as advertised.,Negative
"The product was mediocre. It did the job, but it wasn't anything special.",Neutral
I'm extremely dissatisfied with this product. It's cheaply made and doesn't function properly.,Negative
Absolutely awful experience. Avoid at all costs.,Negative
"The service was satisfactory. Nothing outstanding, but nothing terrible either.",Neutral
The customer service was exceptional! The representatives were friendly and helpful.,Positive
I'm extremely dissatisfied with this product. It's cheaply made and doesn't function properly.,Negative
The service was average. Nothing particularly good or bad about it.,Neutral
Great product! Exceeded my expectations.,Positive
"The service was satisfactory. Nothing outstanding, but nothing terrible either.",Neutral
Disappointed with the product quality. Not as expected.,Negative
"The product was decent, but it didn't meet all of my expectations.",Neutral
Fantastic customer service! The representatives were knowledgeable and helpful.,Positive
Avoid this product. Poor quality.,Negative
Great service! Very satisfied with the experience.,Positive
The quality of the item was poor. Not worth the money.,Negative
I would not recommend this product. It's overpriced and doesn't work as advertised.,Negative
I'm extremely dissatisfied with this product. It's cheaply made and doesn't function properly.,Negative
This product is outstanding! It's exactly what I was looking for and works perfectly.,Positive
The service was average. Nothing particularly good or bad about it.,Neutral
This product is outstanding! It's exactly what I was looking for and works perfectly.,Positive
"Avoid this company at all costs. The service is terrible, and the products are subpar.",Negative
The customer service was exceptional! The representatives were friendly and helpful.,Positive
Average experience. Neither good nor bad.,Neutral
The service was average. Nothing particularly good or bad about it.,Neutral
I'm extremely dissatisfied with this product. It's cheaply made and doesn't function properly.,Negative
"The product was decent, but it didn't meet all of my expectations.",Neutral
Fantastic customer service! The representatives were knowledgeable and helpful.,Positive
"The service was satisfactory. Nothing outstanding, but nothing terrible either.",Neutral
The worst service I've ever received. Avoid this company.,Negative
I had a terrible experience with this company. The customer service was rude and unhelpful.,Negative
I'm extremely dissatisfied with this product. It's cheaply made and doesn't function properly.,Negative
This product is outstanding! It's exactly what I was looking for and works perfectly.,Positive
"I had a terrible experience with this company. The product was faulty, and the customer service was unresponsive.",Negative
Neutral experience. Didn't stand out.,Neutral
"The product was decent, but I expected better quality for the price.",Neutral
The customer service was exceptional! The representatives were friendly and helpful.,Positive
Impressive service! Exceeded expectations.,Positive
The product quality was mediocre. Expected better.,Neutral
I had a horrible experience with this company.,Negative
The customer service was exceptional! The representatives were friendly and helpful.,Positive
The service was average. Nothing particularly good or bad about it.,Neutral
Excellent product! Very satisfied.,Positive
The service was average. Nothing particularly good or bad about it.,Neutral
I'm extremely dissatisfied with this product. It's cheaply made and doesn't function properly.,Negative
Absolutely atrocious service. Never again.,Negative
This product is outstanding! It's exactly what I was looking for and works perfectly.,Positive
This product exceeded my expectations! It's high-quality and performs exceptionally well.,Positive
Meh. The product was neither good nor bad.,Neutral
"The service was satisfactory. Nothing outstanding, but nothing terrible either.",Neutral
"The product was decent, but it didn't meet all of my expectations.",Neutral
I regret buying this product. It's poorly made and doesn't work as advertised.,Negative
I had a terrible experience with this company. The customer service was rude and unhelpful.,Negative
Impressed with the customer service. Will definitely return.,Positive
"The product quality was mediocre. It did the job, but it wasn't anything special.",Neutral
"The product was decent, but it didn't meet all of my expectations.",Neutral
Incredible service! Exceeded expectations.,Positive
"The product was decent, but it didn't meet all of my expectations.",Neutral
"The product was decent, but it didn't meet all of my expectations.",Neutral
Average product. Nothing special.,Neutral
Fantastic customer service! The representatives were knowledgeable and helpful.,Positive
"The product was decent. It worked fine, but it wasn't anything special.",Neutral
"The product was decent, but it didn't meet all of my expectations.",Neutral
The service was average. Nothing particularly good or bad about it.,Neutral
Fantastic customer service! Prompt and helpful.,Positive
I had a terrible experience with this company. The customer service was rude and unhelpful.,Negative
This product exceeded my expectations! It's high-quality and performs exceptionally well.,Positive
Avoid this product. It's not worth it.,Negative
"The service was satisfactory. Nothing outstanding, but nothing terrible either.",Neutral
"The product was decent. It worked fine, but it wasn't anything special.",Neutral
I'm extremely dissatisfied with this product. It's cheaply made and doesn't function properly.,Negative
This product exceeded my expectations! It's high-quality and performs exceptionally well.,Positive
"The product was decent, but it didn't meet all of my expectations.",Neutral
The customer service was exceptional! The representatives were friendly and helpful.,Positive
"Avoid this company at all costs. The service is terrible, and the products are subpar.",Negative
The customer service was exceptional! The representatives were friendly and helpful.,Positive
Just an okay experience. Nothing special.,Neutral
"Not bad, but not great either. Just average.",Neutral
"I'm extremely satisfied with my purchase. The product is exactly what I needed, and the customer service was fantastic.",Positive
The product was decent. Could be better.,Neutral
The customer service was exceptional! The representatives were friendly and helpful.,Positive
I had a terrible experience with this company. The customer service was rude and unhelpful.,Negative
"The service was satisfactory. Nothing outstanding, but nothing terrible either.",Neutral
Fantastic service! Couldn't be happier.,Positive
The service was average. Nothing particularly good or bad about it.,Neutral
I'm extremely dissatisfied with this product. It's cheaply made and doesn't function properly.,Negative
"The product was decent, but it didn't meet all of my expectations.",Neutral
This product is outstanding! It's exactly what I was looking for and works perfectly.,Positive
"The product was decent, but it didn't meet all of my expectations.",Neutral
"The service was satisfactory. Nothing outstanding, but nothing terrible either.",Neutral
"The product was decent, but it didn't meet all of my expectations.",Neutral
The customer service was exceptional! The representatives were friendly and helpful.,Positive
"Avoid this company at all costs. The service is terrible, and the products are subpar.",Negative
I would not recommend this product. It's overpriced and doesn't work as advertised.,Negative
"The service was satisfactory. Nothing outstanding, but nothing terrible either.",Neutral
Fantastic customer service! The representatives were knowledgeable and helpful.,Positive
"The product was decent. It worked fine, but it wasn't anything special.",Neutral
The service was average. Nothing particularly good or bad about it.,Neutral
Avoid this company at all costs. Terrible service.,Negative
Mediocre product. Not impressed.,Neutral
I had a terrible experience with this company. The customer service was rude and unhelpful.,Negative
Regret purchasing this product. It's of poor quality.,Negative
Fantastic customer service! The representatives were knowledgeable and helpful.,Positive
The customer service was exceptional! The representatives were friendly and helpful.,Positive
Fantastic customer service! The representatives were knowledgeable and helpful.,Positive
This product is outstanding! It's exactly what I was looking for and works perfectly.,Positive
I had a terrible experience with this company. The customer service was rude and unhelpful.,Negative
I would not recommend this product. It's overpriced and doesn't work as advertised.,Negative
I had a terrible experience with this company. The customer service was rude and unhelpful.,Negative
This product exceeded my expectations! It's high-quality and performs exceptionally well.,Positive
This product exceeded my expectations! It's high-quality and performs exceptionally well.,Positive
"The service was satisfactory. Nothing outstanding, but nothing terrible either.",Neutral
Incredible product! Absolutely love it.,Positive
I'm extremely dissatisfied with this product. It's cheaply made and doesn't function properly.,Negative
The customer service was exceptional! The representatives were friendly and helpful.,Positive
Excellent product! Met all my expectations.,Positive
"The product was decent. It worked fine, but it wasn't anything special.",Neutral
Regret buying this product. Not worth it.,Negative
The service was average. Nothing particularly good or bad about it.,Neutral
"The product was decent, but it didn't meet all of my expectations.",Neutral
Decent product. Could have been better.,Neutral
Neutral quality. Just average.,Neutral
It's an okay product. Nothing special.,Neutral
The experience was neither good nor bad.,Neutral
I had a terrible experience with this company. The customer service was rude and unhelpful.,Negative
The customer service was exceptional! The representatives were friendly and helpful.,Positive
This product is outstanding! It's exactly what I was looking for and works perfectly.,Positive
The customer service was exceptional! The representatives were friendly and helpful.,Positive
Fantastic customer service! The representatives were knowledgeable and helpful.,Positive
Outstanding service! Very satisfied.,Positive
"The product was decent, but it didn't meet all of my expectations.",Neutral
Fantastic customer service! The representatives were knowledgeable and helpful.,Positive
"The product was decent, but it didn't meet all of my expectations.",Neutral
I would not recommend this product. It's overpriced and doesn't work as advertised.,Negative
Fantastic customer service! The representatives were knowledgeable and helpful.,Positive
Horrible experience. Do not recommend.,Negative
I had a terrible experience with this company. The customer service was rude and unhelpful.,Negative
Fantastic customer service! The representatives were knowledgeable and helpful.,Positive
It's an average product. Neither impressed nor disappointed.,Neutral
I'm extremely disappointed with this product. It's poorly made and doesn't function as it should.,Negative
I would not recommend this product. It's overpriced and doesn't work as advertised.,Negative
I had a terrible experience with this company. The customer service was rude and unhelpful.,Negative
Absolutely terrible experience. Avoid.,Negative
"Avoid this company at all costs. The service is terrible, and the products are subpar.",Negative
This product is outstanding! It's exactly what I was looking for and works perfectly.,Positive
This product is outstanding! It's exactly what I was looking for and works perfectly.,Positive
"Avoid this company at all costs. The service is terrible, and the products are subpar.",Negative
Outstanding service! Highly recommend.,Positive
Just an okay product. Nothing remarkable.,Neutral
Terrible product. Avoid buying it.,Negative
"Avoid this company at all costs. The service is terrible, and the products are subpar.",Negative
I'm extremely dissatisfied with this product. It's cheaply made and doesn't function properly.,Negative
"The product was decent, but it didn't meet all of my expectations.",Neutral
It's an average product. Not too impressed.,Neutral
Fantastic customer service! The representatives were knowledgeable and helpful.,Positive
"I had an excellent experience with this company. The customer service was outstanding, and the product exceeded my expectations.",Positive
"The service was satisfactory. Nothing outstanding, but nothing terrible either.",Neutral
I would not recommend this product. It's overpriced and doesn't work as advertised.,Negative
"The product was decent. It worked fine, but it wasn't anything special.",Neutral
Fantastic customer service! The representatives were knowledgeable and helpful.,Positive
"The service was satisfactory. Nothing outstanding, but nothing terrible either.",Neutral
I had a terrible experience with this company. The customer service was rude and unhelpful.,Negative
I had a terrible experience with this company. The customer service was rude and unhelpful.,Negative
I would not recommend this product. It's overpriced and doesn't work as advertised.,Negative
Amazing product! Will definitely buy again.,Positive
I would not recommend this product. It's overpriced and doesn't work as advertised.,Negative
Just a mediocre experience. Nothing remarkable.,Neutral
This product exceeded my expectations! It's high-quality and performs exceptionally well.,Positive
"Avoid this company at all costs. The service is terrible, and the products are subpar.",Negative
"The product was decent. It worked fine, but it wasn't anything special.",Neutral
"Avoid this company at all costs. The service is terrible, and the products are subpar.",Negative
The service was average. Nothing particularly good or bad about it.,Neutral
Impressed with the product. Will buy again.,Positive
Neutral product. Neither good nor bad.,Neutral
"The product was decent. It worked fine, but it wasn't anything special.",Neutral
Terrible service. Avoid this company.,Negative
Absolutely dreadful service! The staff were rude and unhelpful. I will never shop here again.,Negative
Just an average product. Nothing remarkable.,Neutral
This product is outstanding! It's exactly what I was looking for and works perfectly.,Positive
Stay away from this company. Terrible experience.,Negative
"The product was decent. It worked fine, but it wasn't anything special.",Neutral
Fantastic customer service! The representatives were knowledgeable and helpful.,Positive
Fantastic customer service! The representatives were knowledgeable and helpful.,Positive
Brilliant product! Exceeded my expectations.,Positive
This product is outstanding! It's exactly what I was looking for and works perfectly.,Positive
"Avoid this company at all costs. The service is terrible, and the products are subpar.",Negative
I had a terrible experience with this company. The customer service was rude and unhelpful.,Negative
The customer service was exceptional! The representatives were friendly and helpful.,Positive
I would not recommend this product. It's overpriced and doesn't work as advertised.,Negative
I'm extremely dissatisfied with this product. It's cheaply made and doesn't function properly.,Negative
Exceptional service! Highly recommend.,Positive
Impressive customer service! Went above and beyond.,Positive
I would not recommend this product. It's overpriced and doesn't work as advertised.,Negative
I had a terrible experience with this company. The customer service was rude and unhelpful.,Negative
The product arrived promptly and was well-packaged. I was pleasantly surprised by the quality and attention to detail. Definitely worth the price!,Positive
This product exceeded my expectations! It's high-quality and performs exceptionally well.,Positive
This product exceeded my expectations! It's high-quality and performs exceptionally well.,Positive
Would not recommend this product to anyone.,Negative
Fantastic customer service! The representatives were knowledgeable and helpful.,Positive
Neutral experience. Neither good nor bad.,Neutral
I had a terrible experience with this company. The customer service was rude and unhelpful.,Negative
I'm extremely dissatisfied with this product. It's cheaply made and doesn't function properly.,Negative
"Terrible experience. The delivery was late, and the product was damaged.",Negative
Neither good nor bad experience.,Neutral
Neutral experience. Neither good nor bad.,Neutral
"The product was decent. It worked fine, but it wasn't anything special.",Neutral
"The product was decent. It worked fine, but it wasn't anything special.",Neutral
I'm extremely dissatisfied with this product. It's cheaply made and doesn't function properly.,Negative
I loved the product. It exceeded my expectations.,Positive
Awful customer service. Avoid at all costs.,Negative
Superb quality! Very impressed.,Positive
Neither impressed nor disappointed with the product.,Neutral
The service was average. Nothing particularly good or bad about it.,Neutral
"The service was satisfactory. Nothing outstanding, but nothing terrible either.",Neutral
"The product was decent. It worked fine, but it wasn't anything special.",Neutral
"Avoid this company like the plague. The service is terrible, and the products are overpriced.",Negative
My experience was average. The product was neither impressive nor disappointing.,Neutral
The worst service I've ever received. The staff were rude and unprofessional.,Negative
This product exceeded my expectations! It's high-quality and performs exceptionally well.,Positive
Exceptional service! Couldn't be happier.,Positive
The customer service was exceptional! The representatives were friendly and helpful.,Positive
"The product was decent, but it didn't meet all of my expectations.",Neutral
Average product. Didn't meet expectations.,Neutral
The quality of the product is superb! I'm very impressed with the craftsmanship and attention to detail.,Positive
I would not recommend this product. It's overpriced and doesn't work as advertised.,Negative
The service was average. Nothing particularly good or bad about it.,Neutral
Great experience overall. The product arrived on time and was exactly as described.,Positive
Fantastic service! Highly satisfied.,Positive
Fantastic customer service! The representatives were knowledgeable and helpful.,Positive
"Avoid this company at all costs. The service is terrible, and the products are subpar.",Negative
I would not recommend this product. It's overpriced and doesn't work as advertised.,Negative
I had a terrible experience with this company. The customer service was rude and unhelpful.,Negative
This product exceeded my expectations! It's high-quality and performs exceptionally well.,Positive
It's an average experience. Nothing noteworthy.,Neutral
Excellent customer service. Highly recommended.,Positive
"The product was decent. It worked fine, but it wasn't anything special.",Neutral
The service was average. Nothing particularly good or bad about it.,Neutral
This product exceeded my expectations! It's high-quality and performs exceptionally well.,Positive
This product is outstanding! It's exactly what I was looking for and works perfectly.,Positive
"Avoid this company at all costs. The service is terrible, and the products are subpar.",Negative
I would not recommend this product. It's overpriced and doesn't work as advertised.,Negative
Fantastic customer service! The representatives were knowledgeable and helpful.,Positive
Top-notch service! Very impressed.,Positive
"Avoid this company at all costs. The service is terrible, and the products are subpar.",Negative
"The service was satisfactory. Nothing outstanding, but nothing terrible either.",Neutral
The worst customer service I've ever encountered.,Negative
This product is outstanding! It's exactly what I was looking for and works perfectly.,Positive
The customer service was exceptional! The representatives were friendly and helpful.,Positive
This product exceeded my expectations! It's high-quality and performs exceptionally well.,Positive
I'm extremely dissatisfied with this product. It's cheaply made and doesn't function properly.,Negative
The service was average. Nothing particularly good or bad about it.,Neutral
This product is outstanding! It's exactly what I was looking for and works perfectly.,Positive
"The service was okay. Nothing extraordinary, but nothing terrible either.",Neutral
Highly impressed with the service. Will definitely return.,Positive
I'm extremely dissatisfied with this product. It's cheaply made and doesn't function properly.,Negative
Fantastic customer service! The representatives were knowledgeable and helpful.,Positive
The customer service was exceptional! The representatives were friendly and helpful.,Positive
This product is outstanding! It's exactly what I was looking for and works perfectly.,Positive
"Avoid this company at all costs. The service is terrible, and the products are subpar.",Negative
This product exceeded my expectations! It's high-quality and performs exceptionally well.,Positive
I'm delighted with my purchase! Top-notch quality.,Positive
"Avoid this company at all costs. The service is terrible, and the products are subpar.",Negative
Disappointing service. Would not recommend.,Negative
I would not recommend this product. It's overpriced and doesn't work as advertised.,Negative
I would not recommend this product. It's overpriced and doesn't work as advertised.,Negative
This product is outstanding! It's exactly what I was looking for and works perfectly.,Positive
"The service was satisfactory. Nothing outstanding, but nothing terrible either.",Neutral
The service was average. Nothing particularly good or bad about it.,Neutral
I'm extremely dissatisfied with this product. It's cheaply made and doesn't function properly.,Negative
"The product was decent. It worked fine, but it wasn't anything special.",Neutral
"The service was satisfactory. Nothing outstanding, but nothing terrible either.",Neutral
"Avoid this company at all costs. The service is terrible, and the products are subpar.",Negative
Great experience overall. Highly recommended.,Positive
Superb customer service! Highly recommend.,Positive
Okay experience. Could have been better.,Neutral
Outstanding customer service! Highly recommend.,Positive
Outstanding customer service! The staff went above and beyond to help me with my issue.,Positive
The service was average. Nothing particularly good or bad about it.,Neutral
The customer service was exceptional! The representatives were friendly and helpful.,Positive
Amazing service! Exceeded my expectations.,Positive
Stay away from this company. Terrible experience.,Negative
"The product was decent. It worked fine, but it wasn't anything special.",Neutral
This product is amazing! I'm amazed at how well it works and how durable it is.,Positive
I had a terrible experience with this company. The customer service was rude and unhelpful.,Negative
"The service was satisfactory. Nothing outstanding, but nothing terrible either.",Neutral
Neither satisfied nor dissatisfied with the experience.,Neutral
Decent experience. Neither good nor bad.,Neutral
"The product was decent, but it didn't meet all of my expectations.",Neutral
Worst product ever. Complete waste of money.,Negative
The service was terrible. I will never come back again.,Negative
"The product was decent. It worked fine, but it wasn't anything special.",Neutral
This product exceeded my expectations! It's high-quality and performs exceptionally well.,Positive
"The service was satisfactory. Nothing outstanding, but nothing terrible either.",Neutral
The service was average. Nothing particularly good or bad about it.,Neutral
Decent product. Nothing extraordinary.,Neutral
"The product was decent, but it didn't meet all of my expectations.",Neutral
This product exceeded my expectations! It's high-quality and performs exceptionally well.,Positive
This product is outstanding! It's exactly what I was looking for and works perfectly.,Positive
"Avoid this company at all costs. The service is terrible, and the products are subpar.",Negative
Neutral product. Neither good nor bad.,Neutral
Fantastic customer service! The representatives were knowledgeable and helpful.,Positive
The worst product I've ever bought. Complete disappointment.,Negative
This product exceeded my expectations! It's high-quality and performs exceptionally well.,Positive
"The product was decent, but it didn't meet all of my expectations.",Neutral
I'm extremely dissatisfied with this product. It's cheaply made and doesn't function properly.,Negative
"Excellent customer service! The representatives were friendly and helpful, and they resolved my issue quickly.",Positive
"The service was satisfactory. Nothing outstanding, but nothing terrible either.",Neutral
Worst service I've ever received. Avoid at all costs.,Negative
The delivery was late and the packaging was damaged.,Negative
"The product was decent. It worked fine, but it wasn't anything special.",Neutral
"Avoid this company at all costs. The service is terrible, and the products are subpar.",Negative
Fantastic customer service! The representatives were knowledgeable and helpful.,Positive
This product exceeded my expectations! It's high-quality and performs exceptionally well.,Positive
"Avoid this company at all costs. The service is terrible, and the products are subpar.",Negative
This product is outstanding! It's exactly what I was looking for and works perfectly.,Positive
The customer service was exceptional! The representatives were friendly and helpful.,Positive
I would not recommend this product. It's overpriced and doesn't work as advertised.,Negative
Avoid this company. Terrible customer service.,Negative
The service was average. Nothing particularly good or bad about it.,Neutral
I would not recommend this product. It's overpriced and doesn't work as advertised.,Negative
"The product was decent. It worked fine, but it wasn't anything special.",Neutral
I had a terrible experience with this company. The customer service was rude and unhelpful.,Negative
I would not recommend this product. It's overpriced and doesn't work as advertised.,Negative
The customer service was exceptional! The representatives were friendly and helpful.,Positive
The service was average. Nothing particularly good or bad about it.,Neutral
"The product was decent. It worked fine, but it wasn't anything special.",Neutral
This product exceeded my expectations! It's high-quality and performs exceptionally well.,Positive
"Avoid this company at all costs. The service is terrible, and the products are subpar.",Negative
Neutral product. Didn't meet expectations.,Neutral
I'm extremely dissatisfied with this product. It's cheaply made and doesn't function properly.,Negative
Fantastic customer service! The representatives were knowledgeable and helpful.,Positive
"The product was decent. It worked fine, but it wasn't anything special.",Neutral
Avoid this product. It's a complete waste of money.,Negative
I'm extremely dissatisfied with this product. It's cheaply made and doesn't function properly.,Negative
"The product was decent. It worked fine, but it wasn't anything special.",Neutral
This product is outstanding! It's exactly what I was looking for and works perfectly.,Positive
"The product was decent. It worked fine, but it wasn't anything special.",Neutral
"My experience was neither good nor bad. The product was average, and the service was unremarkable.",Neutral
Amazing Product!,Positive
I liked the colour of the product.,Positive
This product exceeded my expectations! I highly recommend.,Positive
Looks great.,Positive
Thank you! I liked the product.,Positive
Delivered in time.,Positive
Nice quality.,Positive
Packing was good.,Positive
Works great in my car.,Positive
